start_dt,duration,finish_dt,type,formula,best set,best weight,total,notes,additional exercises,health
2023-03-13 13:30:00,1:00:00,13-03-23 14:30,squat,3*10*60 + 2*5*90 + 5*5*100,5*100,100,5200,+abs,,
2023-03-15 13:30:00,1:00:00,15-03-23 14:30,squat,1*5*60 + 2*10*60 + 4*5*100 + 2*3 *110,3*110,110,4160,+abs,,
2023-03-17 13:30:00,1:00:00,17-03-23 14:30,deadlift,3*7*60 + 2*5*100 + 2*3*130 + 1*1*150 + 2*1*160,1*160,160,3510,+hyperextension +abs,,
2023-03-20 13:30:00,1:00:00,20-03-23 14:30,squat,1*5*60 + 2*10*60 + 2*7*90 + 2*5*100 + 4*3*110 + 1*7*90,3*110,110,5710,+splits,,
2023-03-22 13:30:00,1:00:00,22-03-23 14:30,squat,1*5*70 + 3*8*70 + 2*5*100 + 1*3*110 + 1*2*115 + 3*3*115 + 1*8*100 + 2*7*70,3*115,115,6405,two last sets are front squat +abs,,
2023-03-27 14:00:00,1:00:00,27-03-23 15:00,squat,1*5*60 + 3*10*60 + 8*5*100 + 1*8*100,8*100,100,6900,,,
2023-03-29 14:00:00,1:00:00,29-03-23 15:00,squat,1*5*60 + 3*10*60 + 3*5*100 + 1*2*120 + 1*3*120 + 2*4*115 + 1*10*60 + 3*5*80,4*115,115,6920,4 last sets are front squat +abs,,
2023-03-31 14:00:00,1:00:00,31-03-23 15:00,deadlift,3*10*70 + 3*5*110 + 6*3*150 + 1*7*110,3*150,150,7220,last set is sumo +abs,,
2023-04-03 14:00:00,1:00:00,03-04-23 15:00,squat,1*5*60 + 3*10*60 + 4*4*110 + 1*5*110 + 1*10*60 + 2*6*80,5*110,110,5970,3 last sets are front squat +abs,,
2023-04-05 14:00:00,1:00:00,05-04-23 15:00,squat,1*5*60 + 3*10*60 + 1*5*100 + 2*6*100 + 1*4*120 + 1*3*120 + 1*15*60,4*120,120,5540,last set are front squat +abs,,
2023-04-07 14:00:00,1:00:00,07-04-23 15:00,deadlift,3*10*70 + 3*5*110 + 3*3*150 + 1*1*160 + 1*1*165 + 1*5*130,1*165,165,6075,+abs,,
2023-04-12 14:00:00,1:00:00,12-04-23 15:00,squat,1*5*60 + 3*10*60 + 4*6*100 + 1*4*110 + 1*5*110 + 1*4*110 + 1*7*60,5*110,110,6350,last set are front squat +abs,,
2023-04-14 14:00:00,1:00:00,14-04-23 15:00,deadlift,3*10*70 + 3*5*110 + 3*3*140 + 2*3*155 + 1*1*160 + 1*7*110,3*155,155,6870,last set is sumo +abs,,
2023-04-17 14:00:00,1:00:00,17-04-23 15:00,squat,1*5*60 + 3*10*60 + 7*6*100,6*100,100,6300,+split squat +abs,,
2023-04-19 14:00:00,1:00:00,19-04-23 15:00,squat,3*10*60 + 5*5*100,5*100,100,4300,+machines +abs,,
2023-04-21 14:00:00,1:00:00,21-04-23 15:00,deadlift,3*10*60 + 3*6*100 + 3*5*140 + 1*2*160 + 1*3*160 + 1*10*100,3*160,160,7500,last set is sumo +abs,,
2023-04-24 14:00:00,1:00:00,24-04-23 15:00,squat,3*10*60 + 3*6*100 + 3*5*110 + 1*8*60 + 2*7*70,5*110,110,6710,last 3 sets are front squat +abs,,
2023-04-26 14:00:00,1:00:00,26-04-23 15:00,squat,3*10*60 + 5*7*100,7*100,100,5300,+split squat +abs,,
2023-04-28 14:00:00,1:00:00,28-04-23 15:00,deadlift,3*10*70 + 3*5*110 + 3*3*150 + 1*1*170 + 1*1*180 + 1*3*150 + 2*7*110,1*180,180,7440,last 2 sets is sumo +abs,,
2023-05-01 14:00:00,1:00:00,01-05-23 15:00,squat,3*10*70 + 7*7*100 + 3*7*70,7*100,100,8470,last 3 sets are front squat +abs,,
2023-05-03 14:00:00,1:00:00,03-05-23 15:00,squat,3*10*60 + 3*5*100 + 1*2*110 + 1*2*120 + 1*1*130,1*130,130,3890,+split squat +abs,,
2023-05-05 14:00:00,1:00:00,05-05-23 15:00,deadlift,3*10*70 + 3*5*120 + 3*3*150 + 1*2*150 + 1*3*150 + 1*2*150 + 2*5*120,3*150,150,7500,last 2 sets is sumo +abs,,
2023-05-08 14:00:00,1:00:00,08-05-23 15:00,squat,3*10*70 + 3*7*100 + 3*5*110 + 1*5*115 + 2*7*70,5*115,115,7405,last 2 sets are front squat +abs,,
2023-05-10 14:00:00,1:00:00,10-05-23 15:00,squat,3*10*60 + 3*8*100 + 3*5*110 + 1*10*60,5*110,110,6450,last set are front squat +abs,,
2023-05-12 14:00:00,1:00:00,12-05-23 15:00,deadlift,3*10*70 + 3*5*110 + 5*4*140,4*140,140,6550,+abs and machines,,
2023-05-15 14:00:00,1:00:00,15-05-23 15:00,squat,3*10*70 + 3*6*100 + 3*3*120 + 3*7*70,3*120,120,6450,last 3 sets are front squat +abs,,
2023-05-17 14:00:00,1:00:00,17-05-23 15:00,squat,3*10*60 + 3*7*100 + 1*5*120,5*120,120,4500,+abs and split squat,,
2023-05-19 14:00:00,1:00:00,19-05-23 15:00,deadlift,3*10*70 + 3*5*110 + 3*5*140 + 1*5*150 + 3*6*110,5*150,150,8580,last 3 sets are sumo +abs; allergy ,,
2023-05-22 14:00:00,1:00:00,22-05-23 15:00,squat,3*10*60 + 3*6*100 + 3*4*115 + 3*6*75,4*115,115,6330,last 3 sets are front squat + calves +abs,,allergy
2023-05-26 14:00:00,1:00:00,26-05-23 15:00,deadlift,3*10*70 + 3*5*120 + 2*4*140 + 2*2*160 + 3*6*120,2*160,160,7820,last 3 sets are sumo +abs + calves,,allergy
2023-05-29 14:00:00,1:00:00,29-05-23 15:00,squat,3*10*70 + 5*6*100,6*100,100,5100,+abs + leg extension & curls + calves,,allergy
2023-05-31 14:00:00,1:00:00,31-05-23 15:00,squat,3*10*60 + 2*7*90 + 1*6*100 + 1*1*110,6*100,100,3770,+abs + a lot of machines + calves,,allergy
2023-06-05 14:00:00,1:00:00,05-06-23 15:00,squat,10*10*60 + 3*7*60 ,10*60,60,7260,last 3 sets are front squat +abs + calves ,,allergy
2023-06-12 14:00:00,1:00:00,12-06-23 15:00,squat,3*10*70 + 3*7*80 + 3*5*90,5*90,90,5130,+abs + a lot of machines + calves ,,allergy
2023-06-14 14:00:00,1:00:00,14-06-23 15:00,squat,3*10*60 + 3*7*80 + 3*5*100 + 3*7*70,5*100,100,6450,last 3 sets are front squat +abs + calves ,,allergy
2023-06-16 14:00:00,1:00:00,16-06-23 15:00,deadlift,3*10*70 + 3*5*110 + 3*3*150 + 1*2*160 + 3*5*110,2*160,160,7070,last set is sumo +abs ,,
2023-06-19 14:00:00,1:00:00,19-06-23 15:00,squat,3*10*60 + 3*5*100 + 3*3*110 + 1*2*115 + 3*7*70,2*115,115,5990,last 3 sets are front squat +abs + calves + split squat,,
2023-06-21 14:00:00,1:00:00,21-06-23 15:00,squat,3*10*70 + 3*5*100 + 3*3*115 + 3*7*75,3*115,115,6210,last 3 sets are front squat +abs + calves + split squat,,
2023-06-23 14:00:00,1:00:00,23-06-23 15:00,deadlift,3*10*70 + 3*5*110 + 3*4*140 + 1*2*160 + 1*3*160 + 1*5*110 + 1*3*140,3*160,160,7200,last 2 sets are sumo +abs,,
2023-06-26 14:00:00,1:00:00,26-06-23 15:00,squat,3*10*60 + 3*5*100 + 1*3*110 + 2*3*120 + 1*7*60 + 2*5*80,3*120,120,5570,last 3 sets are sumo +calves +abs,,
2023-06-28 14:00:00,1:00:00,28-06-23 15:00,squat,3*10*60 + 2*6*100 + 1*5*100 + 2*3*115 + 2*4*115 + 1*10*80,4*115,115,5910,+calves +abs,,
2023-06-30 14:00:00,1:00:00,30-06-23 15:00,deadlift,3*10*70 + 3*5*110 + 3*3*150 + 1*7*110 + 1*1*110,3*150,150,5980, +abs +hyperextension,,slightly injured lower back
2023-07-03 14:00:00,1:00:00,03-07-23 15:00,leg press,1*15*80 + 1*15*140 + 3*12*180 + 3*15*140,12*180,180,16080, +abs +leg curls + split squat,,slightly injured lower back
2023-07-05 14:30:00,1:00:00,05-07-23 15:30,squat,3*10*50 + 3*7*90 + 3*5*100,5*100,100,4890, +abs +leg curls + split squat,,slightly injured lower back
2023-07-05 15:00:00,1:00:00,05-07-23 16:00,bench,3*15*60,15*60,60,2700,,,slightly injured lower back
2023-07-10 14:30:00,1:00:00,10-07-23 15:30,squat,3*10*60 + 3*6*100 + 3*5*100,6*100,100,5100, +abs ,,slightly injured lower back
2023-07-10 15:00:00,1:00:00,10-07-23 16:00,bench,1*15*60 + 1*13*60 + 2*10*60,15*60,60,2880,,,slightly injured lower back
2023-07-12 14:30:00,1:00:00,12-07-23 15:30,squat,3*10*60 + 5*5*100 + 1*15*60,5*100,100,5200, +abs + hip thrust,,
2023-07-12 15:00:00,1:00:00,12-07-23 16:00,bench,1*15*60 + 1*13*60 + 2*10*60,15*60,60,2880,,,
2023-07-14 14:00:00,1:00:00,14-07-23 15:00,deadlift,3*10*60 + 3*5*100 + 3*3*140,3*140,140,4560, +abs +hyperextension + leg curls,,
2023-07-17 14:00:00,1:00:00,17-07-23 15:00,squat,3*10*60 + 2*5*90,5*90,90,2700, +abs + leg curls,,
2023-07-17 15:00:00,1:00:00,17-07-23 16:00,bench,1*10*40 + 3*12*60 + 1*13*70,13*70,70,3470,,,
2023-07-19 14:00:00,1:00:00,19-07-23 15:00,squat,4*10*60 + 2*5*90 + 1*10*60,5*90,90,3900,paused squats +abs + hip thrust + leg curls + hyperextension,,
2023-07-21 14:00:00,1:00:00,21-07-23 15:00,deadlift,3*10*70 + 3*5*110 + 3*1*150,1*150,150,4200,+abs + inner thigh + hyperextension,,
2023-07-21 15:00:00,1:00:00,21-07-23 16:00,bench,4*11*60,11*60,60,2640,,,
2023-07-24 14:00:00,1:00:00,24-07-23 15:00,squat,3*10*60 + 4*5*100 + 2*4*105,4*105,105,4640,+ hip thrust +abs + hyperextension,,
2023-07-26 14:00:00,1:00:00,26-07-23 15:00,squat,3*10*60 + 5*5*100 + 1*15*60,5*100,100,5200,+ leg extention + leg curls + abs,,
2023-07-26 15:00:00,1:00:00,26-07-23 16:00,bench,3*12*60 + 1*10*70,10*70,70,2860,,,
2023-07-28 14:00:00,1:00:00,28-07-23 15:00,deadlift,3*10*70 + 3*5*110 + 2*1*150 + 1*1*170 + 1*1*150,1*170,170,4370,+ leg extention + leg curls + abs,,
2023-07-26 15:00:00,1:00:00,26-07-23 16:00,bench,3*12*60 + 1*9*80,9*80,80,2880,,,
2023-07-31 14:00:00,1:00:00,31-07-23 15:00,squat,3*10*60 + 3*5*100 + 1*2*100,5*100,100,3500,+ abs,,slightly injured lower back
2023-07-31 14:30:00,1:00:00,31-07-23 15:30,leg press,1*15*80 + 1*15*140 + 3*12*170,12*170,170,9420,,,slightly injured lower back
2023-07-31 15:00:00,1:00:00,31-07-23 16:00,bench,3*12*60 + 2*6*80,6*80,80,3120,,,slightly injured lower back
2023-08-07 14:30:00,1:00:00,07-08-23 15:30,leg press,2*15*50 + 3*13*100 + 7*10*150,10*150,150,15900,+ abs + inner thigh,,slightly injured lower back
2023-08-07 15:00:00,1:00:00,07-08-23 16:00,bench,4*10*60 + 1*9*80,9*80,80,3120,,,slightly injured lower back
2023-08-09 15:00:00,1:00:00,09-08-23 16:00,bench,4*12*60 + 1*14*60,14*60,60,3720,+ abs + hip thrust + leg curls + leg extention,,slightly injured lower back
2023-08-14 15:00:00,1:00:00,14-08-23 16:00,leg press,2*12*80 + 2*12*105 + 3*12*130,12*130,130,9120,+ hack squat,,slightly injured lower back
2023-08-14 15:40:00,1:00:00,14-08-23 16:40,bench,3*12*60 + 1*6*80 + 1*7*80,7*80,80,3200,,,slightly injured lower back
2023-08-16 15:00:00,1:00:00,16-08-23 16:00,leg press,1*15*40 + 1*15*80 + 2*15*120 + 5*15*150,15*150,150,16650,,,slightly injured lower back
2023-08-16 15:40:00,1:00:00,16-08-23 16:40,bench,3*12*60 + 3*5*80,5*80,80,3360,,,slightly injured lower back
2023-08-18 15:00:00,1:00:00,18-08-23 16:00,bench,3*12*60 + 1*6*80 + 1*7*80 + 1*8*80,8*80,80,3840,+ leg curls/extensions + inner/outer thigh,,slightly injured lower back
2023-08-21 15:00:00,1:00:00,21-08-23 16:00,leg press,2*15*50 + 2*15*100 + 3*15*140 + 2*10*160,10*160,160,14000,,,slightly injured lower back
2023-08-21 15:40:00,1:00:00,21-08-23 16:40,bench,3*12*60 + 2*8*80,8*80,80,3440,+ incline bench + dips,,slightly injured lower back
2023-08-23 15:00:00,1:00:00,23-08-23 16:00,leg press,2*15*50 + 2*15*90 + 2*15*130 + 2*20*130,20*130,130,13300,+ leg curls,,slightly injured lower back
2023-08-23 15:40:00,1:00:00,23-08-23 16:40,bench,2*12*60 + 1*8*80 + 1*10*80,10*80,80,2880,+ incline bench,,slightly injured lower back
2023-08-28 14:00:00,1:00:00,28-08-23 15:00,leg press,2*15*40 + 2*15*80 + 4*15*130,15*130,130,11400,+ lunges + abs,,slightly injured lower back
2023-08-28 14:00:00,1:00:00,28-08-23 15:00,bench,2*12*50 + 3*10*70,10*70,70,3300,+ incline bench + dips,,slightly injured lower back
2023-08-30 14:00:00,1:00:00,30-08-23 15:00,squat,6*7*60,6*60,60,2520,paused + legs curls/extensions + hack squat + inner/outer thigh + abs,,slightly injured lower back
2023-09-02 14:00:00,1:00:00,02-09-23 15:00,deadlift,10*4*70 + 5*1*100 + 3*1*120,1*120,120,3660,barbell rows + pull ups + upper back nachine + abs,,slightly injured lower back
2023-09-04 14:00:00,1:00:00,04-09-23 15:00,squat,5*5*60,5*60,60,1500,paused + lunges,,slightly injured lower back
2023-09-04 14:00:00,1:00:00,04-09-23 15:00,bench,3*12*60 + 1*8*80 + 1*7*80,8*80,80,3360,+ dumbbel overhead press,,slightly injured lower back
2023-09-11 14:00:00,1:00:00,11-09-23 15:00,bench,2*13*50 + 3*10*70,10*70,70,3400,+ leg curls/extensions + inner/outer thigh + abs,,slightly injured lower back
2023-09-13 14:00:00,1:00:00,13-09-23 15:00,squat,7*5*60,5*60,60,2100,"+ leg press, hyperextension",,slightly injured lower back
2023-09-15 14:00:00,1:00:00,15-09-23 15:00,deadlift,10*2*60 + 5*1*90 + 4*1*120,1*120,120,2130,+ hyperextension + lunges 40 + dumbbell rows + upper back machine,,slightly injured lower back
2023-09-18 14:00:00,1:00:00,18-09-23 15:00,squat,6*5*60,5*60,60,1800,paused + lunges 45 + hyperextension + calves,,slightly injured lower back
2023-09-18 14:00:00,1:00:00,18-09-23 15:00,bench,2*13*50 + 2*12*60 + 2*6*80,6*80,80,3700,overhead dumbbell press + abs,,slightly injured lower back
2023-09-20 14:00:00,1:00:00,20-09-23 15:00,leg press,2*13*50 + 2*13*100 + 3*13*150,13*150,150,9750,leg curls/extension + inner/outer thigh + incline bench + calves + abs,,slightly injured lower back
2023-09-22 14:00:00,1:00:00,22-09-23 15:00,deadlift,5*5*60 + 3*2*90 + 2*1*110 + 2*1*140,1*140,140,2540,hip thrust + dumbbell rows + upper back machine + abs,,slightly injured lower back
2023-09-25 14:00:00,1:00:00,25-09-23 15:00,squat,5*7*60 + 2*3*80,3*80,80,2580,paused + lunges 50 + calves + abs,,slightly injured lower back
2023-09-25 14:00:00,1:00:00,25-09-23 15:00,bench,2*15*40 + 2*12*50 + 2*10*70 + 1*7*80,7*80,80,4360,dips + deltas,,slightly injured lower back
2023-09-27 14:00:00,1:00:00,27-09-23 15:00,,,,,,legs curls/extension + inner/outer thigh + incline bench + overhead dumbbell press + abs,,slightly injured lower back
2023-09-29 14:00:00,1:00:00,29-09-23 15:00,deadlift,2*5*60 + 3*3*100 + 3*1*140,1*140,140,1920,hyperextension + hip thrust 110 + dumbbell rows + upper back machines + abs,,slightly injured lower back
2023-10-02 14:00:00,1:00:00,02-10-23 15:00,squat,3*5*60 + 2*7*60 + 4*3*90,3*90,90,2820,paused + calves,,
2023-10-02 14:00:00,1:00:00,02-10-23 15:00,bench,2*15*40 + 2*13*50 + 2*10*70 + 1*7*80 + 2*7*90,7*90,90,5720,dips + lateral raises machine + abs,,
2023-10-04 14:00:00,1:00:00,04-10-23 15:00,leg press,1*15*50 + 2*15*100 + 2*15*135 + 1*20*135,20*135,135,10500,inner/outer thigh + leg curl/extensions + calves + incline bench + overhead db press + abs,,
2023-10-09 14:00:00,1:00:00,09-10-23 15:00,squat,5*5*45 + 3*3*80,3*80,80,1845,paused + hip thrust (130) + calves,,
2023-10-09 14:00:00,1:00:00,09-10-23 15:00,bench,2*20*40 + 2*15*50 + 2*10*70 + 1*7*80 + 1*6*90 + 1*7*90,7*90,90,6230,lateral raises machine + abs,,
2023-10-11 14:00:00,1:00:00,11-10-23 15:00,squat,3*4*70,4*70,70,840,leg curls + inner/outer thigh + incline bench (70) + calves + db overhead press + abs,,
2023-10-13 14:00:00,1:00:00,13-10-23 15:00,deadlift,3*5*70 + 2*2*110 + 2*1*140 + 2*1*150,1*150,150,2070,db rows (35) + upper back machines + abs,,
2023-10-18 15:00:00,1:00:00,18-10-23 16:00,squat,3*5*50 + 3*5*70 + 1*1*100 + 2*2*100 + 1*5*70,2*100,100,2650,some paused; hip thrust 120; calves,,
2023-10-18 15:00:00,1:00:00,18-10-23 16:00,bench,2*15*30 + 2*12*50 + 2*10*70 + 2*7*80 + 1*9*80,9*80,80,5340,dips,,
2023-10-20 15:00:00,1:00:00,20-10-23 16:00,deadlift,6*5*80 + 2*2*110 + 3*1*140,1*140,140,3260,upper/lower back; hyperextension; abs,,
2023-10-23 15:00:00,1:00:00,23-10-23 16:00,squat,2*10*40 + 3*5*60 + 3*2*100 + 1*3*100,3*100,100,2600,paused/explosive; calves; hip thrust 120,,
2023-10-23 15:00:00,1:00:00,23-10-23 16:00,bench,2*15*40 + 2*12*50 + 2*10*70 + 2*7*90,7*90,90,5060,dip; abs,,
2023-10-25 15:00:00,1:00:00,25-10-23 16:00,deadlift,3*7*60 + 3*2*110 + 2*1*140 + 1*1*150,1*150,150,2350,hyperextension; db rows 35; upper back; leg curls; abs,,
2023-11-03 15:00:00,1:00:00,03-11-23 16:00,deadlift,3*6*70 + 3*2*100 + 1*2*110 + 3*1*140,1*140,140,2500,hyperextension; upper back; abs,,
2023-11-27 14:00:00,1:00:00,27-11-23 15:00,squat,5*5*60,5*60,60,1500,calves,,start  to put heels higher
2023-11-27 14:00:00,1:00:00,27-11-23 15:00,bench,2*15*40 + 1*10*50 + 2*10*70 + 1*8*70,10*70,70,3660,dips; abs,,
2023-11-29 14:00:00,1:00:00,29-11-23 15:00,squat,2*5*40 + 5*5*70,5*70,70,2150,inner/outer thigh; leg curls; calves; incline bench; abs,,
2023-12-01 14:00:00,1:00:00,01-12-23 15:00,deadlift,3*5*70 + 3*2*100 + 3*1*130 + 2*1*140,1*140,140,2320,db rows; upper back; abs; pull ups; hyperextension,,
2023-12-04 14:00:00,1:00:00,04-12-23 15:00,squat,3*5*50 + 2*5*60 + 2*3*80 + 3*2*90 + 3*5*60,2*90,90,3270,last 3 sets are front; 3 sets jumps; abs,,
2023-12-06 14:00:00,1:00:00,06-12-23 15:00,squat,3*5*50 + 6*5*70,5*70,70,2850,calves; incline bench; abs,,
2023-12-11 14:00:00,1:00:00,11-12-23 15:00,deadlift,3*5*70 + 3*2*110 + 3*1*130,1*130,130,2100,calves,,
2023-12-11 14:00:00,1:00:00,11-12-23 15:00,bench,3*15*40 + 2*10*50 + 2*10*60 + 3*8*70,8*70,70,5680,abs,,
2023-12-13 14:00:00,1:00:00,13-12-23 15:00,squat,3*5*40 + 6*5*70,5*70,70,2700,some paused; calves,,
2023-12-13 14:00:00,1:00:00,13-12-23 15:00,bench,3*12*40 + 3*10*60 + 3*5*80,5*80,80,4440,dips; abs,,
2023-12-15 14:00:00,1:00:00,15-12-23 15:00,deadlift,3*7*70 + 3*3*120 + 2*1*140 + 1*1*160,1*160,160,2990,calves,,
2023-12-15 14:00:00,1:00:00,15-12-23 15:00,bench,3*10*40 + 2*10*50 + 2*7*70 + 3*5*90 + 1*5*70 + 1*8*50,5*90,90,5280,last sets short interval; abs,,
2023-12-20 14:00:00,1:00:00,20-12-23 15:00,squat,3*7*40 + 3*5*60 + 6*3*90,3*90,90,3360,calves,,
2023-12-20 14:00:00,1:00:00,20-12-23 15:00,bench,3*13*40 + 2*11*50 + 2*7*70 + 2*5*90 + 1*7*70,5*90,90,5030,calves,,
2023-12-27 14:00:00,1:00:00,27-12-23 15:00,squat,2*5*50 + 3*5*60 + 1*2*90 + 3*3*90 + 1*5*90 + 3*7*60,5*90,90,4100,last 3 front; 3 set jumps; calves,,
2023-12-27 14:00:00,1:00:00,27-12-23 15:00,bench,2*12*40 + 2*10*50 + 2*7*70 + 2*6*80 + 1*10*60,6*80,80,4500,last sets short interval; abs,,
2023-12-29 14:00:00,1:00:00,29-12-23 15:00,deadlift,3*5*60 + 3*3*100 + 2*1*130 + 3*1*150 + 2*3*100,1*150,150,3110,last 2 sumo; hyperextension,,
2023-12-29 14:00:00,1:00:00,29-12-23 15:00,bench,2*12*40 + 2*10*50 + 2*7*70 + 2*7*80 + 1*5*70 + 1*5*60 + 1*5*50,7*80,80,4960,last sets short interval; abs,,
2024-04-24 21:00:00,1:00:00,24-04-24 22:00,squat,5*5*50,5*50,50,1250,bands (lateral leg lift; tib-raises),,
2024-04-27 21:00:00,1:00:00,27-04-24 22:00,deadlift,3*7*50 + 3*5*70,5*70,70,2100,"2*8 each arm kettlebell (24) snatches, bands (lateral leg lift; tib-raises)",,
2024-04-29 15:00:00,1:00:00,29-04-24 16:00,squat,3*7*30 + 3*5*50,5*50,50,1380,lunges 20; bands (lateral leg lift); strict press 30; abs; calves,,
2024-05-01 19:00:00,1:00:00,01-05-24 20:00,squat,3*7*30 + 3*5*50 + 3*5*60,5*60,60,2280,lunges 20; bands (lateral leg lift; tib-raises); calves,,
2024-05-03 17:00:00,1:00:00,03-05-24 18:00,deadlift,3*7*50 + 3*5*70 + 3*3*90,3*90,90,2910,"kettlebell snatches 24, bands (lateral leg lift; tib-raises)",,
2024-05-06 15:00:00,1:00:00,06-05-24 16:00,squat,3*7*30 + 3*5*50 + 4*3*70,3*70,70,2220,lunges 20; calves; abs; jumps,,
2024-05-10 17:00:00,1:00:00,10-05-24 18:00,squat,3*7*30 + 1*5*50 + 5*5*60,6*60,60,2380,lunges 20; bands (lateral leg lift); strict press 30; abs; calves,,
2024-05-13 17:00:00,1:00:00,13-05-24 18:00,deadlift,3*7*50 + 2*5*70 + 2*3*90 + 2*2*110 + 1*3*90,2*110,110,3000,last set is sumo; jumps,,
2024-05-16 17:00:00,1:00:00,16-05-24 18:00,squat,3*7*30 + 3*5*50 + 4*4*70,4*70,70,2500,lunges 20; calves,,
2024-05-18 23:00:00,1:00:00,19-05-24 00:00,squat,3*15*30 + 3*10*50,10*50,50,2850,strict press 30; calves; bands (lateral leg lift),,
2024-05-22 22:00:00,1:00:00,22-05-24 23:00,squat,3*15*30 + 1*10*40 + 4*10*60,10*60,60,4150,,,
2024-05-26 22:00:00,1:00:00,26-05-24 23:00,squat,4*15*30 + 4*10*50,10*50,50,3800,lunges 20; strict press 30; calves,,
2024-05-28 16:30:00,1:00:00,28-05-24 17:30,deadlift,3*7*50 + 3*5*90 + 3*2*110,2*110,110,3060,Kettlebell snatch 24; abs,,
2024-05-30 22:30:00,1:00:00,30-05-24 23:30,squat,3*15*30 + 1*10*50 + 3*10*60,10*60,60,3650,lunges 20; strict press 30; calves,,
2024-06-02 19:00:00,1:00:00,02-06-24 20:00,deadlift,3*7*50 + 3*5*90 + 4*2*110,2*110,110,3280,cleans 50; abs; calves,,
2024-06-04 15:00:00,1:00:00,04-06-24 16:00,squat,3*15*30 + 3*10*50 + 4*5*70,5*70,70,4250,bands (lateral leg lift); abs,,
2024-06-06 16:00:00,1:00:00,06-06-24 17:00,squat,3*15*30 + 3*10*50 + 4*5*70,5*70,70,4250,strict press 30; calves; tib-raises; abs; weighted side bends,,
2024-06-10 14:30:00,1:00:00,10-06-24 15:30,squat,3*15*30 + 3*10*50 + 4*5*70,5*70,70,4250,lunges 20; calves; tib-raises; abs,,
2024-06-15 23:00:00,1:00:00,16-06-24 00:00,squat,3*15*30 + 3*10*50 + 3*5*70,5*70,70,3900,strict press 30; calves; tib-raises; abs,,
2024-06-17 15:00:00,1:00:00,17-06-24 16:00,deadlift,3*7*50 + 3*5*90 + 2*2*110 + 2*1*130,1*130,130,3100,cleans 50; tib-raises; abs; bands (lateral leg lift); jumps,,
2024-06-20 19:00:00,1:00:00,20-06-24 20:00,squat,3*15*30 + 3*10*50 + 3*5*70 + 2*5*80,5*80,80,4700,,,
2024-06-25 23:00:00,1:00:00,26-06-24 00:00,squat,3*20*30 + 3*10*50 + 3*5*70 + 3*7*50,5*70,70,5400,Last 3 front; Abs t raises calves,,
2024-06-28 23:00:00,1:00:00,29-06-24 00:00,squat,3*15*30 + 3*10*50 + 3*5*70 + 3*7*50,5*70,70,4950,Last 3 front; Strict press 30; Side weighted bends; Bands,,
2024-07-01 22:30:00,1:00:00,01-07-24 23:30,squat,3*15*30 + 3*10*50 + 3*5*70 + 3*7*50,5*70,70,4950,Last 3 front paused; Lunges 20; Tib raises; Jumps,,
2024-07-03 22:30:00,1:00:00,03-07-24 23:30,deadlift,3*7*50 + 3*5*90 + 2*2*110 + 2*1*130 + 2*5*90,1*130,130,4000,ast two sumo; 3:6:30 cleans,,
2024-07-05 15:00:00,1:00:00,05-07-24 16:00,squat,3*15*30 + 6*10*50,10*60,60,4000,Last 3 front paused; 3:6:30 cleans; Short rest intervals,,
2024-07-07 22:30:00,1:00:00,07-07-24 23:30,squat,3*15*30 + 3*15*50 + 3*7*50,15*50,50,4650,Last 3 front; 3:6:30 cleans; 2:3:50 cleans; Tib raises abs,,
2024-07-09 22:30:00,1:00:00,09-07-24 23:30,squat,3*15*30 + 3*10*50 + 3*7*50,10*50,50,3900,Last 3 front; 3:6:30 cleans; Tib raises ,,
2024-07-11 23:00:00,1:00:00,12-07-24 00:00,deadlift,3*10*50 + 3*5*90 + 2*2*110 + 1*1*140,1*140,140,3430,Snatch 3:5:20; Lunges 20; abs,,
2024-07-13 22:30:00,1:00:00,13-07-24 23:30,squat,3*10*30 + 3*7*50,7*50,50,1950,Front; 3:5:30 cleans; Clean and Jerk 3:5:30; Tib raises; calves,,
2024-07-16 22:30:00,1:00:00,16-07-24 23:30,squat,3*15*30 + 3*10*50 + 1*2*70 + 1*2*80 + 1*2*90 + 1*2*100 + 1*2*110,2*110,110,3750,Abs tib raises calves weighed core,,
2024-07-18 22:30:00,1:00:00,18-07-24 23:30,squat,3*15*30 + 3*10*50 + 1*25*70 + 1*20*50,25*70,70,5600,last is front; Strict press 40; Abs,,
2024-07-22 23:30:00,1:00:00,23-07-24 00:30,squat,3*15*30 + 3*10*50 + 3*7*50 + 3*5*70,5*70,70,4950,last 6 front; Lunges 20; Abs,,
2024-07-26 23:00:00,1:00:00,27-07-24 00:00,deadlift,3*10*50 + 3*5*90 + 2*2*110 + 2*1*130 + 1*1*140,1*140,140,3690,Strict press 40; Abs,,
2024-08-08 22:30:00,1:00:00,08-08-24 23:30,squat,10*10*30,10*30,30,3000,Abs calves Tib raises,,injured left shoulder
2024-08-10 23:30:00,1:00:00,11-08-24 00:30,squat,7*10*30,10*30,30,2100,Tib raises calves abs rows,,injured left shoulder
2024-08-13 22:30:00,1:00:00,13-08-24 23:30,squat,7*10*30,10*30,30,2100,Tib raises calves abs,,injured left shoulder
2024-08-15 22:30:00,1:00:00,15-08-24 23:30,squat,5*10*30 + 2*15*30,15*30,30,2400,Abs Tib raises calves outer thig,,injured left shoulder
2024-08-20 23:00:00,1:00:00,21-08-24 00:00,squat,5*10*30 + 2*10*50,10*50,50,2500,lunges 20 abs calves Tib raises,,injured left shoulder
2024-08-26 17:30:00,1:00:00,26-08-24 18:30,deadlift,3*7*50 + 3*5*90 + 2*2*110,2*110,110,2840,Lunges 20; Abs; Core weighted stuff,,injured left shoulder
2024-08-28 16:00:00,1:00:00,28-08-24 17:00,squat,5*10*30 + 3*10*50,10*50,50,3000,Lunges 20; Abs calves Tib raises,,injured left shoulder
2024-08-31 23:00:00,1:00:00,01-09-24 00:00,squat,10*10*50,10*50,50,5000,calves; Tib raises,,injured left shoulder
2024-09-02 18:30:00,1:00:00,02-09-24 19:30,deadlift,3*50*10 + 3*5*90 + 2*2*110 + 1*1*130,1*130,130,3420,Lunges 40; abs,,injured left shoulder
2024-09-04 22:00:00,1:00:00,04-09-24 23:00,squat,5*10*30 + 2*10*50 + 2*10*60 + 2*5*50,10*60,60,4200,last 2 front; Abs; calves; Tib raises,,injured left shoulder
2024-09-07 23:00:00,1:00:00,08-09-24 00:00,squat,5*10*30 + 2*10*50 + 2*10*60 + 2*5*50,10*60,60,4200,last 2 front; Abs; calves; Tib raises,,injured left shoulder
2024-09-09 23:00:00,1:00:00,10-09-24 00:00,squat,5*15*30 + 4*15*50,15*50,50,5250,,,injured left shoulder
2024-09-11 15:00:00,1:00:00,11-09-24 16:00,deadlift,3*10*50 + 3*5*90 + 2*2*110 + 1*1*130 + 1*1*140,1*140,140,3560,Lunges 40; abs; calves Tib raises ,,injured left shoulder
2024-09-13 19:00:00,1:00:00,13-09-24 20:00,squat,3*10*30 + 3*10*50 + 3*5*70,5*70,70,3450,all front; Lunges 40; Abs; Bench 30,,injured left shoulder
2024-09-16 18:00:00,1:00:00,16-09-24 19:00,squat,3*10*30 + 3*10*50 + 3*5*70,5*70,70,3450,all front; Lunges 40; Abs; calves Tib raises,,injured left shoulder
2024-09-18 22:00:00,1:00:00,18-09-24 23:00,squat,3*10*30 + 3*10*50,10*50,50,2400,all front; Lunges 20,,injured left shoulder
2024-09-25 22:30:00,1:00:00,25-09-24 23:30,squat,3*10*30 + 3*5*50 + 2*3*70 + 1*1*80,1*80,80,2150,Tib raises; Weighted knee raises; Weighted tilts,,injured left shoulder
2024-09-25 23:00:00,1:00:00,26-09-24 00:00,bench,3*7*30 + 3*5*50,5*50,50,1380,,,injured left shoulder
2024-09-28 22:30:00,1:00:00,28-09-24 23:30,squat,3*5*30 + 3*3*50 + 3*2*70 + 1*1*80,1*80,80,1400,front; Calves; abs; Weighted tilts,,injured left shoulder
2024-09-28 23:00:00,1:00:00,29-09-24 00:00,bench,2*7*30 + 3*5*50,5*50,50,1170,,,injured left shoulder
2024-09-30 17:30:00,1:00:00,30-09-24 18:30,deadlift,3*5*50 + 3*3*90 + 1*1*110 + 1*1*130 + 1*1*140 + 1*1*150,1*150,150,2090,Abs,,injured left shoulder
2024-09-30 18:00:00,1:00:00,30-09-24 19:00,bench,2*7*30 + 2*5*50 + 1*5*60,5*60,60,1220,,,injured left shoulder
2024-12-04 15:00:00,1:00:00,04-12-24 16:00,squat,5*15*35,15*35,35,2625,last one is front; hyperextention,,injured left shoulder
2024-12-06 14:00:00,1:00:00,06-12-24 15:00,deadlift,3*7*60 + 3*3*90 + 2*3*110,2*110,110,2730,abs,,injured left shoulder
2025-01-09 12:00:00,1:00:00,09-01-25 13:00,squat,5*5*50,5*50,50,1250,paused; lunges 30; hyperextention; abs,,injured left shoulder
2025-01-11 16:00:00,1:00:00,11-01-25 17:00,bench,5*10*40 + 2*10*50 + 2*7*60,7*60,60,3840,paused; barbel rows 17.5; triceps pushdown,,injured left shoulder
2025-01-14 16:00:00,1:00:00,14-01-25 17:00,squat,5*5*55,5*50,50,1250,paused; bulgarian split squat 5*10*15 each leg; calves; weighted tilts,,injured left shoulder
2025-01-16 12:30:00,1:00:00,16-01-25 13:30,bench,2*10*30 + 2*10*40 + 2*7*50 + 3*5*60,5*60,60,3000,shoulders light workout; triceps pushdown; hyperextention; abs,,injured left shoulder
2025-01-19 12:30:00,1:00:00,19-01-25 13:30,deadlift,2*7*60 + 3*5*90 + 3*2*110 + 2*1*130,1*130,130,3110,jumps,,injured left shoulder
2025-01-21 16:00:00,1:00:00,21-01-25 17:00,bench,2*10*30 + 2*10*40 + 2*7*50 + 2*5*60 + 3*5*70,5*70,70,3750,paused; shoulders light workout; triceps pushdown; hyperextention; abs; calves,,injured left shoulder
2025-01-23 16:00:00,1:00:00,23-01-25 17:00,squat,5*5*50 + 5*4*70,4*70,70,2650,paused; lunges 30; lights shoulders workout; inner/outter thigs,,injured left shoulder
2025-01-26 13:00:00,1:00:00,26-01-25 14:00,bench,2*10*30 + 2*10*50 + 2*5*60 + 3*4*70,4*70,70,3040,shoulders light workout; triceps pushdown; back machine; calves,,injured left shoulder
2025-01-28 16:00:00,1:00:00,28-01-25 17:00,squat,7*10*60,10*60,60,4200,bulgarian split squat 15; abs; shoulders lights workout 2.5; inner/outter thigs,,injured left shoulder
2025-01-30 14:30:00,1:00:00,30-01-25 15:30,bench,2*30*10 + 2*10*50 + 2*7*60 + 3*5*70 + 1*5*80,5*80,80,3890,shoulders light workout; shoulders machine; pushdown machine; calves,,injured left shoulder
2025-02-01 10:00:00,1:00:00,01-02-25 11:00,squat,5*10*50 + 2*5*70,5*70,70,3200,shoulders lights workout 2.5; tib raises; abs; hyperextention; hip thrust 80; lunges 35; weighted tilts,,injured left shoulder
2025-02-04 16:00:00,1:00:00,04-02-25 17:00,bench,2*10*30 + 2*10*40 + 2*8*50 + 2*7*60 + 2*5*70 + 2*5*80,5*80,80,4540,shoulders light workout; triceps pushdown; calves,,injured left shoulder
2025-02-06 10:00:00,1:00:00,06-02-25 11:00,squat,3*10*50 + 2*10*60 + 3*5*80,5*80,80,3900,bulgarian split squat 20; lights shouders workout; abs; hyperextention,,injured left shoulder
2025-02-08 16:00:00,1:00:00,08-02-25 17:00,bench,2*10*30 + 2*10*40 + 2*10*50 + 2*8*60 + 2*5*70 + 2*5*80 + 1*4*70 + 1*5*60 + 1*7*40,5*80,80,5720,shoulders light workout; triceps pushdown; calves; tib raises,,injured left shoulder
2025-02-10 15:30:00,1:00:00,10-02-25 16:30,squat,5*10*50 + 5*5*70 + 1*20*50,20*50,70,5250,Single-Leg Romanian Deadlift 15kg; Calves; Tib raises; abs; hyperextention; Inner outer thighs,,injured left shoulder
2025-02-12 15:30:00,1:00:00,12-02-25 16:30,bench,2*15*30 + 2*12*40 + 2*10*50 + 2*8*60 + 2*6*70 + 3*5*80 + 1*10*60,5*80,80,6460,"Calves; abs; Cable Machine Triceps Pushdown; shoulders workout 4 (standing dumbell overhead press, lateral and front raises); Seated Shoulder Press (Machine)",,injured left shoulder
2025-02-14 14:30:00,1:00:00,14-02-25 15:30,squat,3*15*50 + 3*10*70 + 1*10*80,10*80,80,5150,Abs; Tib raises; bss 20,,injured left shoulder
2025-02-14 15:00:00,1:00:00,14-02-25 16:00,deadlift,1*5*60 + 1*3*90 + 1*2*110 + 1*1*130,1*130,130,920,Backward Walk with Resistance; hyperextension,,injured left shoulder
2025-02-18 16:00:00,1:00:00,18-02-25 17:00,squat,3*15*50 + 4*10*70 + 1*20*60,20*60,70,6250,Bss 20; Dumbbell Side Bends; Calves; Tib raises; Abs; hyperextension; Inner/outer thighs; Resistance backward walk,,injured left shoulder
2025-02-21 14:30:00,1:00:00,21-02-25 15:30,bench,2*15*30 + 2*10*40 + 2*10*50 + 2*8*60 + 5*6*70 + 1*8*60 + 1*8*50 + 1*8*40,6*70,70,6960,Abs; calves; shoulders workout 3; shoulders external with bands; Cable Machine Triceps Pushdown,,injured left shoulder
2025-02-24 15:00:00,1:00:00,24-02-25 16:00,squat,5*20*50,20*50,50,5000,Calves; Tib raises; Abs; Hyperextension; Cossack squat 8; Single-Leg Romanian Deadlift 15kg; Shoulders external rotation band; Leg extensions machine,,injured left shoulder
2025-02-26 16:30:00,1:00:00,26-02-25 17:30,bench,2*10*30 + 2*10*40 + 2*10*50 + 2*8*60 + 2*6*70 + 2*5*80 + 1*5*85 + 1*5*70 + 1*5*60 + 1*9*40,5*85,85,6435,Calves; shoulders workout 3; shoulders external with bands; Cable Machine Triceps Pushdown; Dumbbell overhead press 2*10,,injured left shoulder
2025-02-28 14:00:00,1:00:00,28-02-25 15:00,squat,5*10*50 + 4*7*70 + 1*3*70 ,7*70,70,4670,Lunges 40; Inner outer thighs; Tib raises; Abs; Hyperextension; Res back walk,,injured left shoulder
2025-03-03 15:30:00,1:00:00,03-03-25 16:30,deadlift,2*7*60 + 2*5*90 + 2*2*120 + 2*1*140,1*140,140,2500,BSS 20; Dumbbell Side Bends 20; Abs; hyperextension; Copenhagen plank; Resistance backward walk,,injured left shoulder
2025-03-05 12:30:00,1:00:00,05-03-25 13:30,bench,3*40*8 + 2*6*60 + 5*6*65 + 2*8*60 + 1*9*80,9*80,80,5310,First 3 sets incline; Shoulders workout 4; Cable Machine Triceps Pushdown; Dumbbell overhead press 2*10,,injured left shoulder
2025-03-08 09:30:00,1:00:00,08-03-25 10:30,squat,5*5*50 + 3*5*70,5*70,70,2300,Tib raises,,injured left shoulder
2025-03-08 10:00:00,1:00:00,08-03-25 11:00,deadlift,1*5*60 + 1*5*90 + 1*3*110 + 1*1*130,1*130,130,1210,Lunges 30 (forward backward static); Abs; Copenhagen plank; res backwalk,,injured left shoulder
2025-03-10 16:20:00,1:00:00,10-03-25 17:20,bench,4*10*40 + 1*20*40 + 1*10*40 + 2*7*60 + 2*6*70 + 1*5*80 + 1*6*80 + 1*7*60 + 1*3*60 + 1*4*60,6*80,80,6200,First 5 sets incline; Shoulders workout 4; Cable Machine Triceps Pushdown; shoulders external with bands; Hyperextention,,
2025-03-12 16:00:00,1:00:00,12-03-25 17:00,squat,5*5*50 + 1*25*50,25*50,50,2500,First 5 sets slow and paused; Tib raises; abs; Copenhagen; Bss 1*20; Leg extensions machine; Res backwalk,,
2025-03-14 16:20:00,1:00:00,14-03-25 17:20,bench,3*10*40 + 3*7*60 + 3*5*80 + 1*8*85 + 1*10*60 + 1*10*40,8*85,85,5340,Shoulders workout 5*2 dumbbells; Calves; triceps cable machine;,,
2025-03-26 15:00:00,1:00:00,26-03-25 16:00,bench,3*10*40 + 3*7*60 + 2*10*40 + 2*7*60 + 2*6*70,6*70,70,4940,First 6 incline; Calves; Shoulders workout 2*3; Triceps cable machine; Abs,,
2025-03-28 13:00:00,1:00:00,28-03-25 14:00,squat,8*7*50,7*50,50,2800,,,
2025-03-28 13:30:00,1:00:00,28-03-25 14:30,deadlift,1*5*60 + 3*3*90,3*90,90,1110,BSS 1*15; Hyperextension; Tib raises; Weighted tilts,,
2025-03-31 14:50:00,1:00:00,31-03-25 15:50,bench,3*10*40 + 3*7*60 + 2*6*70 + 1*5*80 + 1*7*80 + 1*6*60 + 1*5*60,7*80,80,4920,"Shoulders workout 2*5; Triceps cable machine; Strict press dumbbells 2*7,5; Hyperextension; Abs; Calves",,
2025-04-02 14:00:00,1:00:00,02-04-25 15:00,squat,10*10*50,10*50,50,5000,slow and paused last rep; Bss 15*1 dumbbell; Tib raises; Abs,,
2025-04-08 13:00:00,1:00:00,08-04-25 14:00,bench,3*10*40 + 4*7*60 + 4*5*70,5*70,70,4280,Incline; Triceps cable machine; Shoulders workout 2*5 dumbbells; Abs; Calves,,
2025-04-11 15:20:00,1:00:00,11-04-25 16:20,squat,3*12*50 + 3*10*60 + 3*5*70,5*70,70,4650,Paused; Tib raises; Bss 1*20 dumbbells; Abs; Hyperextension; Resistance backwalk,,
2025-04-14 16:20:00,1:00:00,14-04-25 17:20,bench,3*10*40 + 2*7*60 + 2*6*70 + 3*5*80 + 1*9*80 + 1*4*70 + 1*5*60,9*80,80,5380,Calves; abs; Shoulders workout 2*5 dumbbells; Triceps cable machine,,
2025-04-16 16:00:00,1:00:00,16-04-25 17:00,squat,3*8*50 + 3*5*70 + 2*3*80 + 3*6*50,3*80,80,3630,ast 3 front all paused; 1*20 dumbbell one leg rdl; Weighted tilts 1*20; Abs; Hyperextension; Tib raises; Bss 1*24,,
2025-04-18 13:40:00,1:00:00,18-04-25 14:40,bench,3*10*40 + 2*8*60 + 2*6*70 + 2*5*80 + 1*9*80 + 1*7*60 + 1*4*60,9*80,80,5180,Calves; abs; Triceps cable machine; Shoulders workout 2*2.5; Strict press 2*10,,
2025-04-21 15:30:00,1:00:00,21-04-25 16:30,deadlift,2*7*60 + 2*4*90 + 2*2*110 + 2*1*130 + 1*1*140 + 3*6*90,1*130,130,4020,Last 3 sumo; BSS 1*20; Tib raises; Hyperextension; abs; Copenhagen; inner outer thighs machine,,
2025-04-23 16:10:00,1:00:00,23-04-25 17:10,bench,3*10*40 + 2*7*60 + 2*5*80 + 2*5*85 + 1*8*85 + 1*9*60 + 1*1*60,8*85,85,4970,Calves; Triceps cable machine; Shoulders workout 2*2.5; Strict press 2*12.5,,
2025-04-25 15:30:00,1:00:00,25-04-25 16:30,squat,3*7*50 + 3*5*70 + 2*4*80 + 2*4*85,4*85,85,3420,Paused; Tib raises; One leg rdd 1*20;  Lunges 2*20;  Abs; hyperextension; Resistance backwalk,,
2025-04-28 12:30:00,1:00:00,28-04-25 13:30,bench,3*10*40 + 2*7*60 + 3*5*80 + 1*8*85 + 1*10*60 + 1*8*60 + 1*6*60 + 1*4*60 + 1*2*60,8*85,85,5720,Calves; Shoulders workout 2*5; Strict press 2*10; Abs; Triceps cable machine,,
2025-04-30 16:10:00,1:00:00,30-04-25 17:10,deadlift,3*7*60 + 3*3*100 + 3*1*130 + 1*1*140 + 3*3*100 ,1*140,140,3590,last 3 sumo; Lunges static 2*15; Hyperextension; Abs; Copenhagen; Resistance backwalk,,
2025-05-03 09:48:00,1:00:00,03-05-25 10:48,squat,5*10*50 + 5*7*70 + 1*7*80,7*80,80,5510,paused last rep; Back ext abs bss 1*30,,
2025-05-05 16:49:00,1:00:00,05-05-25 17:49,bench,3*10*40 + 3*8*60 + 3*6*80 + 1*8*85 + 1*10*60 + 1*6*60 + 1*4*60,8*85,85,5960,Calves; Shoulders workout 2*5; Strict press 2*10; Triceps cable machine,,
2025-05-07 15:59:00,1:00:00,07-05-25 16:59,squat,5*10*50 + 5*7*70 + 3*7*50,7*70,70,6000,Static forward lunges 2*15; Tib raises; Back ext; Abs,,
2025-05-11 09:51:00,1:00:00,11-05-25 10:51,bench,3*10*40 + 4*8*60 + 2*6*80 + 1*7*80 + 1*7*60 + 1*4*60 + 1*4*60,7*80,80,5540,Triceps cable; Abs; Shoulders 2*5; Strict press 2*12.5,,
2025-05-12 15:46:00,1:00:00,12-05-25 16:46,squat,5*10*50 + 2*7*70 + 1*7*80 + 1*15*50,7*80,80,4790,Rdl barbell 50; Inner outer thighs machine; Abs; Back ext,,
2025-05-16 14:40:00,1:00:00,16-05-25 15:40,bench,3*10*40 + 2*8*60 + 2*7*70 + 1*6*80 + 1*6*90 + 1*5*90 + 1*7*60 + 1*6*60 + 1*5*60,6*90,90,5690,Calves; Triceps cable machine; Shoulders workout 2*5; Seated strict press 2*10;,,
2025-05-19 16:50:00,1:00:00,19-05-25 17:50,squat,2*8*50 + 1*6*60 + 3*5*70 + 1*15*50,5*70,70,2960,Rdl 3*8*50; Shoulders workout 2*5; Abs,,
2025-05-19 16:50:00,1:00:00,19-05-25 17:50,bench,2*8*40 + 1*6*60 + 3*5*80 + 1*10*60,5*80,80,2800,,,
2025-05-21 16:50:00,1:00:00,21-05-25 17:50,deadlift,3*8*60 + 3*5*100 + 1*2*130 + 3*7*60,2*130,130,4460,last 3 sumo Bss 1*20; Tib raises,,
2025-05-21 16:50:00,1:00:00,21-05-25 17:50,bench,1*8*60 + 3*8*70,8*70,70,2160,Strict press 2*15; Abs,,
2025-05-23 16:10:00,1:00:00,23-05-25 17:10,squat,3*10*50 + 3*6*60 + 3*8*50,6*60,60,3780,"tempo, last 3 front; Calves",,
2025-05-23 16:10:00,1:00:00,23-05-25 17:10,bench,2*40*10 + 1*6*60 + 3*5*70,5*70,70,2210,tempo paused; Triceps cable machine; 2*15 dumbbells bench; Abs (leg raises); Back ext,,
2025-05-30 16:05:00,1:00:00,30-05-25 17:05,squat,2*8*50 + 5*7*60,7*60,60,2900,paused; Rdl 60; Tib raises; Back ext,,
2025-05-30 16:05:00,1:00:00,30-05-25 17:05,bench,2*8*40 + 5*7*60,7*60,60,2740,,,
2025-06-02 15:29:00,1:00:00,02-06-25 16:29,squat,2*8*50 + 1*7*60 + 3*5*75 + 1*15*50,5*75,75,3095,Rdl 50; Calves,,
2025-06-02 15:29:00,1:00:00,02-06-25 16:29,bench,2*8*40 + 1*7*60 + 3*5*85 + 1*10*60,5*85,85,2935,Cable triceps machine; Abs;,,
2025-06-04 16:20:00,1:00:00,04-06-25 17:20,deadlift,2*7*60 + 3*5*100 + 2*2*130 + 2*4*100,2*130,130,3660,last 2 sumo; BSs 1*20; Tib raises,,
2025-06-04 16:20:00,1:00:00,04-06-25 17:20,bench,1*40*8 + 1*7*60 + 4*7*70,7*70,70,2700,Shoulders workout 2*5; Strict press 2*12.5; ,,
2025-06-06 15:50:00,1:00:00,06-06-25 16:50,squat,2*8*50 + 3*5*70 + 3*6*70,6*70,70,3110,3 paused tempo 3 front; Inner outer thighs;  back ext; Calves,,
2025-06-06 15:50:00,1:00:00,06-06-25 16:50,bench,2*8*40 + 1*8*60 + 5*5*80,5*80,80,3120,Abs,,
2025-06-09 15:30:00,1:00:00,09-06-25 16:30,squat,2*8*50 + 1*7*70 + 3*5*80 + 1*5*90,5*90,90,2940,last rep paused; Tib raises; Rdl 70;  back ext,,
2025-06-09 15:30:00,1:00:00,09-06-25 16:30,bench,2*8*40 + 1*8*60 + 1*5*80 + 3*5*90 + 1*11*60,5*90,90,3530,Abs,,
2025-06-11 16:25:00,1:00:00,11-06-25 17:25,deadlift,3*7*60 + 3*5*100 + 1*3*130 + 2*7*90,3*130,130,4410,last 2 sumo; Bss 1*20; Tib raises,,
2025-06-11 16:25:00,1:00:00,11-06-25 17:25,bench,2*8*40 + 1*8*60 + 4*5*80,5*80,80,2720,Strict press seated 2*15,,
2025-06-13 14:20:00,1:00:00,13-06-25 15:20,squat,3*8*50 + 1*6*70 + 3*4*75 + 2*5*75,4*75,75,3270,3 paused tempo 2 front; Rdl 2*17.5; Inner outer thighs machine,,
2025-06-13 14:20:00,1:00:00,13-06-25 15:20,bench,2*8*40 + 1*7*60 + 5*6*70,6*70,70,3160,Shoulders workout 2*5,,
2025-06-16 16:35:00,1:00:00,16-06-25 17:35,squat,3*8*50 + 1*6*70 + 2*5*90 + 1*5*95 + 1*15*50,5*95,95,3745,Rdl 70 tempo; Calves; Back ext; ,,
2025-06-16 16:35:00,1:00:00,16-06-25 17:35,bench,1*8*40 + 1*7*60 + 1*6*80 + 2*5*90 + 1*7*95 + 1*11*60,7*95,95,3445,Abs,,
2025-06-18 16:20:00,1:00:00,18-06-25 17:20,deadlift,3*6*60 + 1*5*90 + 1*4*100 + 1*2*130 + 1*1*140 + 1*1*150,1*150,150,2480,Tib raises; BSs 1*20; ,,
2025-06-18 16:20:00,1:00:00,18-06-25 17:20,bench,2*8*40 + 1*7*60 + 5*5*75,5*75,75,2935,Strict press 2*20; Triceps machine cable; Abs,,
2025-06-20 15:05:00,1:00:00,20-06-25 16:05,squat,2*8*50 + 1*6*70 + 5*4*80 + 3*5*70,4*80,80,3870,paused 80 last 3 front; Calves,,
2025-06-20 15:05:00,1:00:00,20-06-25 16:05,bench,2*8*40 + 1*7*60 + 5*6*70,6*70,70,3160,incine; Abs,,
2025-06-23 17:00:00,1:00:00,23-06-25 18:00,squat,2*8*50 + 5*6*70,6*70,70,2900,Rdl 60; Calves back ext,,
2025-06-23 17:00:00,1:00:00,23-06-25 18:00,bench,2*8*40 + 1*7*60 + 5*6*75,6*75,75,3310,,,
2025-06-25 15:50:00,1:00:00,25-06-25 16:50,deadlift,3*6*60 + 2*5*90 + 3*2*130,2*130,130,2760,Tib raises; Strict press 2*17.5; Abs; Triceps cable machine,,
2025-06-27 16:20:00,1:00:00,27-06-25 17:20,squat,3*8*50 + 5*6*70,6*70,70,3300,Calves;  Inner outer thighs machine,,
2025-06-27 16:20:00,1:00:00,27-06-25 17:20,bench,1*10*40 + 1*8*60 + 5*6*75,6*75,75,3130,Shoulders workout 2*5; Weighted bends 1*20;,,
2025-06-30 16:40:00,1:00:00,30-06-25 17:40,squat,2*8*5 + 2*7*60 + 3*5*90 + 1*10*60,5*90,90,2870,Rdl 70; Calves; Abs,,
2025-06-30 16:40:00,1:00:00,30-06-25 17:40,bench,2*10*40 + 1*8*60 + 1*6*80 + 2*5*90 + 1*8*90 + 1*9*60,8*90,90,3920,Abs,,
2025-07-02 16:40:00,1:00:00,02-07-25 17:40,deadlift,2*5*60 + 2*4*100 + 2*3*120 + 1*2*140,2*140,140,2400,BSs 2*15; Tib raises; Strict press 2*17.5; Back ext; Triceps cable machine,,
2025-07-04 16:30:00,1:00:00,04-07-25 17:30,squat,2*8*50 + 2*6*70 + 3*5*80,5*80,80,2840,some paused;,,
2025-07-04 16:30:00,1:00:00,04-07-25 17:30,bench,2*8*40 + 2*8*60 + 5*6*80,6*80,80,4000,Calves abs; Shoulders workout 2*5; Inner outer thighs machine,,
2025-07-07 16:25:00,1:00:00,07-07-25 17:25,squat,3*8*50 + 2*7*70 + 3*5*90 + 1*12*50,5*90,90,4130,Rdl 60; Tib raises;  Back ext,,
2025-07-07 16:25:00,1:00:00,07-07-25 17:25,bench,2*8*40 + 1*7*60 + 1*6*80 + 3*6*85 + 1*9*60,6*85,85,3610,Triceps cable machine;,,
2025-07-09 16:30:00,1:00:00,09-07-25 17:30,deadlift,3*7*60 + 3*5*90 + 2*3*130,3*130,130,3390,BSs 2*20; Calves abs strict press 2*17.5,,
2025-07-23 10:30:00,1:00:00,23-07-25 11:30,squat,5*7*50 + 2*5*70,5*70,70,2450,Calves,,
2025-07-23 10:30:00,1:00:00,23-07-25 11:30,bench,2*8*40 + 2*7*60 + 3*5*80,5*80,80,2680,,,
2025-07-25 15:55:43,1:00:00,25-07-25 16:55,squat,3*8*50 + 2*6*70 + 1*5*80,5*80,80,2440,Tib raises  Shoulders workout 2*5 Back ext Static forward backward lunges 2*15,,
2025-07-28 16:32:18,1:00:00,28-07-25 17:32,squat,3*8*50 + 3*5*80 + 3*5*60,5*80,80,3300,last 3 front 80 paused Rdl 60 Calves,,
2025-07-28 16:32:18,1:00:00,28-07-25 17:32,incline bench,3*8*40 + 1*6*60 + 3*5*70 ,5*70,70,2370,Triceps cable machine,,
2025-07-30 16:51:03,1:00:00,30-07-25 17:51,deadlift,3*7*60 + 3*4*100 + 2*3*130,3*130,130,3240,Bss 2*17.5 Strict press 2*20 Tib raises Back ext,,
2025-08-01 16:01:00,1:00:00,01-08-25 17:01,squat,3*8*50 + 3*6*70 + 2*4*90 + 1*3*100 + 1*15*50 ,3*100 ,100,4230,Some paused Calves  Inner outer thighs machine,,
2025-08-01 16:01:00,1:00:00,01-08-25 17:01,bench,2*8*40 + 2*7*60 + 3*5*80 + 1*8*60,5*80 ,80,3160,Triceps cable machine Abs,,
2025-08-06 16:13:35,1:00:00,06-08-25 17:13,squat,5*10*50 + 3*8*70,8*70,70,4180,some paused Rdl 70 Tib raises  Abs  Back ext  Strict press 2*15,,
2025-08-08 16:06:01,1:00:00,08-08-25 17:06,bench,3*8*50 + 3*8*60 + 2*5*80 + 2*5*85,5*85,85,4290,first 3 incline  Wide grip bench dumbbell 2*20 Calves  Abs  Triceps cable machine,,
2025-08-13 14:55:47,1:00:00,13-08-25 15:55,squat,5*10*50,10*50,50,2500,Bss 2*20 Tib raises  Inner outer thighs    ,,
2025-08-13 14:55:47,1:00:00,13-08-25 15:55,bench,2*10*40 + 2*8*60 + 4*6*80 + 1*8*60,6*80,80,4160,Triceps cable machine  Abs,,
2025-08-15 14:34:35,1:00:00,15-08-25 15:34,squat,5*10*50,10*50,50,2500,lunges 2*20 Calves Back ext,,
2025-08-15 14:34:35,1:00:00,15-08-25 15:34,bench,2*10*40 + 2*8*60 + 1*5*80 + 2*5*90 + 1*14*60,5*90,90,3900,Strict press 2*17.5,,
2025-08-18 16:52:47,1:00:00,18-08-25 17:52,squat,8*10*50,10*50,50,4000,Tib raises,,
2025-08-18 16:52:47,1:00:00,18-08-25 17:52,bench,2*10*40 + 2*8*60 + 1*6*80 + 3*5*90 + 1*13*60 ,5*90,90,4370,Bench wide grip 2*20,,
2025-08-22 16:03:20,1:00:00,22-08-25 17:03,bench,2*10*40 + 2*8*60 + 1*6*80 + 4*5*90 + 1*5*80 + 1*8*60,5*90,90,4920,Calves  Shoulders workout 2*5 Strict press 2*15 Triceps cable machine  Abs,,
2025-08-25 12:53:12,1:00:00,25-08-25 13:53,squat,5*10*50 + 3*5*70,5*70,70,3550,Tib raises  Rdl 50,,
2025-08-25 12:53:12,1:00:00,25-08-25 13:53,incline bench,2*8*40 + 1*6*60 + 4*5*70,5*70,70,2400,,,
2025-08-27 14:39:25,1:00:00,27-08-25 15:39,deadlift,3*7*60 + 3*5*100,5*100,100,2760,BSs 2*20 Strict press 2*20 Inner outer thighs  Back ext,,
2025-08-29 15:45:31,1:00:00,29-08-25 16:45,squat,5*10*50 + 1*7*70 + 1*6*80,6*80,80,3470,paused last Calves,,
2025-08-29 15:45:31,1:00:00,29-08-25 16:45,bench,2*8*40 + 2*8*60 + 1*5*80 + 1*5*90 + 1*5*100 + 1*14*60,5*100,100,3790,Triceps cable machine  Abs,,
2025-09-02 15:57:03,1:00:00,02-09-25 16:57,squat,5*10*50 + 2*7*70 + 1*5*80 + 1*17*50      ,5*80 ,80,4730,Calves,,
2025-09-02 15:57:03,1:00:00,02-09-25 16:57,bench,2*8*40 + 1*8*60 + 1*6*80 + 4*6*85,6*85,85,3640,Db wide bench 2*20  Abs,,
2025-09-05 14:26:54,1:00:00,05-09-25 15:26,deadlift,2*7*60 + 2*4*100 + 2*2*130 + 1*1*140 + 1*1*150,1*150,150,2450,BSs 1*20 TiB raises  Strict press 2*20 Back ext,,
2025-09-08 13:03:06,1:00:00,08-09-25 14:03,bench,2*8*40 + 2*8*60 + 1*6*80 + 4*5*90 + 1*8*60,5*90,90,4360,Triceps cable machine  Back ext abs Calves,,
2025-09-10 16:11:19,1:00:00,10-09-25 17:11,squat,5*8*50 + 1*5*80 + 1*5*90,5*90,90,2850,Rdl 60 Strict press 2*20 Back ext Inner outer thighs,,
2025-09-12 15:38:44,1:00:00,12-09-25 16:38,squat,5*8*50 + 2*5*80 + 1*5*90,5*90,90,3250,One leg smith machine squat 20 Calves,,
2025-09-12 15:38:44,1:00:00,12-09-25 16:38,bench,1*10*40 + 1*10*60 + 2*6*80 + 3*5*90,5*90,90,3310,Db bench 2*20 Triceps cable machine,,
2025-09-15 14:00:03,1:00:00,15-09-25 15:00,squat,3*8*50 + 3*6*70 + 3*5*90 + 1*20*50,5*90,90,4810,Rdl 50 Bss 1*20 Weighted tilts 1*20,,
2025-09-15 14:00:03,1:00:00,15-09-25 15:00,incline bench,2*10*40 + 4*7*60,7*60,60,2480,,,
2025-09-17 14:50:34,1:00:00,17-09-25 15:50,squat,3*8*50 + 3*6*70 + 2*5*90 + 1*12*70,5*90,90,4200,Static forward backwards lunges 2*15 Tib raises Inner outer thighs,,
2025-09-17 14:50:34,1:00:00,17-09-25 15:50,bench,2*10*40 + 1*8*60 + 1*6*80 + 2*5*90 + 1*5*95 + 1*10*60,5*95,95,3735,Db bench 2*20 Tricepsâ€™s cable machine,,
2025-09-19 16:49:47,1:00:00,19-09-25 17:49,squat,5*10*50 + 4*6*70,6*70,70,4180,One leg smith machine squat 20 Strict press 2*20 Back ext,,
2025-09-22 15:50:00,1:00:00,22-09-25 16:50,squat,5*10*50 + 4*7*70 + 1*20*50,20*50,70,5460,Forward backwards static lunges 2*15 Tib raises Plank Copenhagen plank ,,
2025-09-22 15:50:00,1:00:00,22-09-25 16:50,bench,2*8*40 + 1*8*60 + 1*6*80 + 2*5*90 + 1*8*90 + 1*10*60,8*90,90,3820,,,
2025-09-24 16:49:45,1:00:00,24-09-25 17:49,squat,4*8*50 + 3*6*70 + 2*5*80 + 1*20*50,20*50,80,4660,Rdl 50 Bss 1*25 Strict press 2*20 Shoulders workout 2*4 Planks,,
2025-09-26 13:48:16,1:00:00,26-09-25 14:48,squat,3*8*50 + 3*7*70 + 2*5*90 + 1*20*50,5*90 ,90,4570,Calves,,
2025-09-26 13:48:16,1:00:00,26-09-25 14:48,bench,1*10*40 + 2*10*60 + 2*6*80 + 1*5*90 + 2*3* 100 + 1*6*80 + 1*8*60,3* 100,100,4570,Triceps cable machine  Abs,,
2025-09-29 16:20:20,1:00:00,29-09-25 17:20,deadlift,3*5*60 + 3*5*90 + 3*4*110 + 2*1*130,1*130,130,3830,Bb strict press 30  Tib raises  Copenhagen plank plank  Inner outer thighs,,
2025-10-03 15:54:08,1:00:00,03-10-25 16:54,squat,5*8*50 + 4*6*70 + 1*20*50,20*50,70,4680,Kb snatches 1*15 Cossack squat 1*15 Calves Plank,,
2025-10-03 15:54:08,1:00:00,03-10-25 16:54,bench,1*10*40 + 2*8*60 + 1*7*80 + 3*6*85,6*85,85,3450,,,
2025-10-15 16:44:25,1:00:00,15-10-25 17:44,squat,5*15*50,15*50,50,3750,Kb snatch 1*16 Tib raises Abs,,
2025-10-15 16:44:25,1:00:00,15-10-25 17:44,bench,1*10*40 + 2*10*60 + 3*7*80,7*80,80,3280,,,
2025-10-20 16:46:44,1:00:00,20-10-25 17:46,squat,5*20*50,20*50,50,5000,Strict press bb 30 Kb snatch 16 Tib raises  Back ext  Abs,,
2025-10-22 16:00:41,1:00:00,22-10-25 17:00,squat,5*12*50,12*50,50,3000,front squat  Kb snatch 20 Static forward backwards db lunges 2*15  Calves  Strict press bb 40 Plank,,
2025-10-24 15:51:02,1:00:00,24-10-25 16:51,squat,5*15*50,15*50,50,3750,Calves Plank and Copenhagen plank,,
2025-10-24 15:51:02,1:00:00,24-10-25 16:51,bench,2*10*40 + 2*8*60 + 4*7*80 + 1*8*60,7*80,80,4480,Triceps cable machine  Shoulders workout 2*5,,
2025-10-27 16:51:05,1:00:00,27-10-25 17:51,squat,5*15*50,15*50,50,3750,Static forward backwards lunges 2*15 Strict press bb 40 Back ext Tib raises  Plank Copenhagen plank,,
2025-10-29 16:36:10,1:00:00,29-10-25 17:36,squat,3*15*50 + 3*12*60,12*60,60,4410,Cossack squat 16 Kb snatch 20 Calves,,
2025-10-29 16:36:10,1:00:00,29-10-25 17:36,bench,2*10*40 + 2*10*60 + 4*8*70 + 1*7*60,8*70,70,4660,Db bench 2*20,,
2025-10-31 16:45:27,1:00:00,31-10-25 17:45,deadlift,3*7*60 + 1*6*90 + 4*4*110,4*110,110,3560,Tib raises  Strict press bb 45  Shoulders forward sides 2*7.5 Abs Copenhagen plank,,
2025-11-05 16:35:32,1:00:00,05-11-25 17:35,squat,3*15*50 + 2*12*60 + 1*10*70,10*70,70,4390,Kb snatch 20 Cossack squat 16 Bss 1*24,,
2025-11-05 16:35:32,1:00:00,05-11-25 17:35,bench,2*10*40 + 5*10*60,10*60,60,3800,Triceps cable machine,,
2025-11-07 14:45:16,1:00:00,07-11-25 15:45,squat,3*15*50 + 3*12*60,12*60,60,4410, Kb snatch 16 Static forward backwards lunges 2*15 Calves  Strict press bb 40 Abs Copenhagen plank plank,,